11770, 16319185, 16319185409914, -0.1569064, 0.0588399, 10.179302,0
11771, 16319191, 16319192014613, -0.12748645, 0.049033247, 10.247949,0
11773, 16319216, 16319216095586, -0.1176798, 0.088259846, 10.228335,0
11773, 16319216, 16319216206151, -0.18632634, 0.049033247, 10.277369,0
11776, 16319227, 16319227870333, -0.1372931, 0.0196133, 10.228335,0
11778, 16319236, 16319236329035, -0.19613299, 0.06864655, 10.267562,0
11778, 16319242, 16319242155285, -0.12748645, 0.06864655, 10.257755,0
11779, 16319252, 16319252479515, -0.16671304, 0.049033247, 10.238142,0
11780, 16319262, 16319262334443, -0.16671304, 0.0392266, 10.257755,0
11780, 16319272, 16319272393697, -0.16671304, 0.0588399, 10.257755,0
11782, 16319281, 16319281938432, -0.20593965, 0.0784532, 10.179302,0
11782, 16319292, 16319292452218, -0.12748645, 0.088259846, 10.228335,0
11783, 16319302, 16319302910643, -0.18632634, 0.0392266, 10.238142,0
11784, 16319313, 16319313189633, -0.17651969, 0.06864655, 10.208722,0
11785, 16319322, 16319322884164, -0.16671304, 0.0784532, 10.1989155,0
11787, 16319332, 16319332542673, -0.19613299, 0.0784532, 10.277369,0
11787, 16319343, 16319343106567, -0.18632634, 0.088259846, 10.218529,0
11789, 16319353, 16319353168226, -0.16671304, 0.10787315, 10.218529,0
11790, 16319365, 16319365508129, -0.14709975, 0.0588399, 10.208722,0
11791, 16319372, 16319372536867, -0.16671304, 0.0588399, 10.159689,0
11793, 16319382, 16319382519318, -0.16671304, 0.049033247, 10.179302,0
11793, 16319392, 16319392791001, -0.20593965, 0.0784532, 10.238142,0
11795, 16319402, 16319402728536, -0.14709975, 0.0588399, 10.267562,0
11797, 16319416, 16319416762611, -0.18632634, 0.049033247, 10.257755,0
11797, 16319423, 16319423103981, -0.19613299, 0.0, 10.218529,0
11800, 16319435, 16319435568355, -0.16671304, 0.06864655, 10.238142,0
11801, 16319443, 16319443295987, -0.14709975, 0.088259846, 10.218529,0
11805, 16319456, 16319456771648, -0.17651969, 0.088259846, 10.208722,0
11807, 16319480, 16319480913666, -0.20593965, 0.06864655, 10.277369,0
11807, 16319481, 16319481230096, -0.17651969, 0.049033247, 10.208722,0
11809, 16319497, 16319497154988, -0.14709975, 0.0392266, 10.159689,0
11809, 16319497, 16319497425961, -0.18632634, 0.10787315, 10.247949,0
11811, 16319529, 16319529566477, -0.20593965, 0.00980665, 10.169496,0
11811, 16319529, 16319529925732, -0.1569064, 0.049033247, 10.238142,0
11811, 16319530, 16319530212054, -0.18632634, 0.049033247, 10.247949,0
11813, 16319549, 16319549791008, -0.19613299, 0.0392266, 10.238142,0
11814, 16319550, 16319550180599, -0.14709975, 0.0588399, 10.238142,0
11816, 16319556, 16319556548627, -0.14709975, 0.0784532, 10.257755,0
11817, 16319562, 16319562276764, -0.18632634, 0.0588399, 10.159689,0
11818, 16319572, 16319572539492, -0.12748645, 0.049033247, 10.267562,0
11820, 16319582, 16319582559853, -0.1569064, 0.088259846, 10.228335,0
11820, 16319592, 16319592689588, -0.18632634, 0.088259846, 10.1989155,0
11821, 16319603, 16319603192280, -0.19613299, 0.06864655, 10.267562,0
11822, 16319612, 16319612356871, -0.17651969, 0.088259846, 10.169496,0
11823, 16319623, 16319623052447, -0.17651969, 0.049033247, 10.247949,0
11825, 16319632, 16319632795909, -0.17651969, 0.0588399, 10.208722,0
11826, 16319642, 16319642958036, -0.17651969, 0.0784532, 10.179302,0
11826, 16319652, 16319652947194, -0.18632634, 0.0588399, 10.228335,0
11827, 16319662, 16319662911148, -0.14709975, 0.0588399, 10.1989155,0
11828, 16319673, 16319673093191, -0.17651969, 0.06864655, 10.1989155,0
11832, 16319682, 16319682401255, -0.1372931, 0.088259846, 10.130269,0
11832, 16319692, 16319692562145, -0.17651969, 0.0588399, 10.1989155,0
11833, 16319702, 16319702922144, -0.20593965, 0.0392266, 10.238142,0
11834, 16319712, 16319712648262, -0.19613299, 0.0588399, 10.208722,0
11835, 16319723, 16319723325833, -0.18632634, 0.049033247, 10.208722,0
11837, 16319733, 16319733047323, -0.17651969, 0.088259846, 10.169496,0
11837, 16319745, 16319745039631, -0.19613299, 0.0588399, 10.179302,0
11838, 16319753, 16319753277852, -0.18632634, 0.02941995, 10.247949,0
11839, 16319762, 16319762718909, -0.17651969, 0.098066494, 10.238142,0
11840, 16319773, 16319773359822, -0.17651969, 0.0392266, 10.228335,0
11842, 16319783, 16319783125928, -0.18632634, 0.02941995, 10.247949,0
11843, 16319792, 16319792777285, -0.16671304, 0.0392266, 10.169496,0
11843, 16319802, 16319802917682, -0.16671304, 0.0588399, 10.179302,0
11844, 16319813, 16319813843607, -0.16671304, 0.0588399, 10.267562,0
11845, 16319822, 16319822796563, -0.18632634, 0.02941995, 10.228335,0
11847, 16319832, 16319832824988, -0.20593965, 0.049033247, 10.247949,0
11848, 16319843, 16319843042103, -0.14709975, 0.0784532, 10.238142,0
11848, 16319853, 16319853277235, -0.1569064, 0.098066494, 10.277369,0
11849, 16319862, 16319862705684, -0.17651969, 0.049033247, 10.169496,0
11850, 16319872, 16319872732776, -0.20593965, 0.06864655, 10.228335,0
11852, 16319882, 16319883014001, -0.20593965, 0.02941995, 10.247949,0
11853, 16319892, 16319892702799, -0.14709975, 0.06864655, 10.189109,0
11854, 16319902, 16319902659169, -0.17651969, 0.06864655, 10.208722,0
11854, 16319912, 16319912731476, -0.17651969, 0.0392266, 10.208722,0
11855, 16319923, 16319923072329, -0.2157463, 0.0392266, 10.1989155,0
11859, 16319932, 16319932754528, -0.17651969, 0.049033247, 10.179302,0
11860, 16319942, 16319943107437, -0.1372931, 0.0392266, 10.189109,0
11861, 16319952, 16319952909804, -0.20593965, 0.0588399, 10.228335,0
11861, 16319963, 16319963082604, -0.12748645, 0.088259846, 10.257755,0
11862, 16319973, 16319973168517, -0.1372931, 0.0588399, 10.189109,0
11864, 16319982, 16319982972555, -0.17651969, 0.06864655, 10.1989155,0
11865, 16319993, 16319993037699, -0.18632634, 0.0392266, 10.189109,0
11866, 16320002, 16320002656052, -0.18632634, 0.0784532, 10.247949,0
11866, 16320012, 16320012464141, -0.1372931, 0.0588399, 10.208722,0
11867, 16320022, 16320022968924, -0.1569064, 0.06864655, 10.228335,0
11869, 16320032, 16320032933816, -0.20593965, 0.0196133, 10.228335,0
11870, 16320042, 16320042821604, -0.18632634, 0.02941995, 10.169496,0
11871, 16320052, 16320052764729, -0.18632634, 0.049033247, 10.218529,0
11871, 16320062, 16320062834548, -0.19613299, 0.0392266, 10.228335,0
11872, 16320073, 16320073101615, -0.16671304, 0.049033247, 10.208722,0
11874, 16320083, 16320083078778, -0.14709975, 0.0588399, 10.189109,0
11875, 16320092, 16320092834775, -0.17651969, 0.0588399, 10.257755,0
11875, 16320102, 16320102902203, -0.1569064, 0.0784532, 10.218529,0
11876, 16320113, 16320113292551, -0.17651969, 0.02941995, 10.1989155,0
11877, 16320123, 16320123091986, -0.12748645, 0.0588399, 10.189109,0
11879, 16320133, 16320133146048, -0.14709975, 0.0784532, 10.149882,0
11879, 16320142, 16320142783343, -0.16671304, 0.049033247, 10.208722,0
11880, 16320152, 16320152482694, -0.1569064, 0.049033247, 10.218529,0
11881, 16320162, 16320162798751, -0.16671304, 0.06864655, 10.257755,0
11882, 16320172, 16320172867862, -0.14709975, 0.0392266, 10.257755,0
11885, 16320183, 16320183037212, -0.16671304, 0.06864655, 10.247949,0
11886, 16320192, 16320192582693, -0.10787315, 0.049033247, 10.228335,0
11887, 16320202, 16320202320276, -0.14709975, 0.049033247, 10.228335,0
11887, 16320212, 16320212440985, -0.17651969, 0.0784532, 10.1989155,0
11889, 16320222, 16320222639194, -0.18632634, 0.06864655, 10.189109,0
11891, 16320232, 16320232805648, -0.14709975, 0.0392266, 10.257755,0
11891, 16320242, 16320242997282, -0.17651969, 0.0588399, 10.179302,0
11892, 16320252, 16320252517450, -0.17651969, 0.0392266, 10.267562,0
11893, 16320262, 16320262905166, -0.1569064, 0.0196133, 10.218529,0
11893, 16320273, 16320273078796, -0.1569064, 0.0588399, 10.189109,0
11895, 16320283, 16320283015743, -0.17651969, 0.0588399, 10.208722,0
11896, 16320293, 16320293088026, -0.16671304, 0.06864655, 10.287175,0
11897, 16320302, 16320302639312, -0.18632634, 0.06864655, 10.228335,0
11897, 16320312, 16320312919624, -0.1569064, 0.0196133, 10.179302,0
11898, 16320322, 16320322813061, -0.14709975, 0.06864655, 10.179302,0
11900, 16320332, 16320332758241, -0.14709975, 0.049033247, 10.208722,0
11901, 16320342, 16320342707027, -0.19613299, 0.0784532, 10.189109,0
11902, 16320352, 16320352696329, -0.16671304, 0.0588399, 10.218529,0
11903, 16320362, 16320362987435, -0.16671304, 0.0588399, 10.238142,0
11903, 16320372, 16320372900920, -0.17651969, 0.088259846, 10.179302,0
11906, 16320382, 16320382947422, -0.18632634, 0.02941995, 10.257755,0
11906, 16320392, 16320392731292, -0.16671304, 0.0784532, 10.169496,0
11908, 16320402, 16320402604981, -0.19613299, 0.02941995, 10.208722,0
11910, 16320412, 16320412908863, -0.17651969, 0.0588399, 10.208722,0
11911, 16320422, 16320422796747, -0.16671304, 0.0588399, 10.149882,0
11913, 16320433, 16320433043129, -0.14709975, 0.0588399, 10.267562,0
11913, 16320443, 16320443036759, -0.19613299, 0.0588399, 10.189109,0
11917, 16320452, 16320452896927, -0.18632634, 0.0784532, 10.277369,0
11919, 16320462, 16320462393236, -0.16671304, 0.02941995, 10.218529,0
11919, 16320472, 16320472624222, -0.1569064, 0.06864655, 10.218529,0
11921, 16320482, 16320482952443, -0.16671304, 0.02941995, 10.189109,0
11922, 16320492, 16320492578704, -0.1569064, 0.0588399, 10.218529,0
11923, 16320502, 16320502934677, -0.17651969, 0.0588399, 10.1989155,0
11925, 16320512, 16320512726841, -0.1372931, 0.06864655, 10.179302,0
11926, 16320523, 16320523109244, -0.17651969, 0.0392266, 10.287175,0
11928, 16320533, 16320533047273, -0.1569064, 0.049033247, 10.316595,0
11929, 16320544, 16320544051659, -0.17651969, 0.0784532, 10.1989155,0
11930, 16320552, 16320552960757, -0.17651969, 0.06864655, 10.257755,0
11932, 16320562, 16320562781310, -0.20593965, 0.049033247, 10.218529,0
11933, 16320575, 16320575049266, -0.14709975, 0.088259846, 10.218529,0
11935, 16320582, 16320583014398, -0.18632634, 0.0784532, 10.247949,0
11935, 16320592, 16320592809963, -0.1569064, 0.06864655, 10.218529,0
11937, 16320602, 16320602769350, -0.14709975, 0.0588399, 10.1989155,0
11938, 16320613, 16320613547751, -0.16671304, 0.06864655, 10.1989155,0
11939, 16320622, 16320622697846, -0.18632634, 0.088259846, 10.257755,0
11941, 16320634, 16320634092498, -0.12748645, 0.0588399, 10.1989155,0
11943, 16320644, 16320644324048, -0.14709975, 0.0784532, 10.218529,0
11943, 16320652, 16320652797629, -0.1372931, 0.0392266, 10.159689,0
11944, 16320663, 16320663667292, -0.16671304, 0.0392266, 10.218529,0
11945, 16320673, 16320673181222, -0.1569064, 0.1176798, 10.1989155,0
11949, 16320682, 16320682525501, -0.20593965, 0.088259846, 10.218529,0
11950, 16320692, 16320692212808, -0.18632634, 0.06864655, 10.1989155,0
11951, 16320702, 16320703013493, -0.20593965, 0.049033247, 10.189109,0
11951, 16320712, 16320712680728, -0.20593965, 0.0784532, 10.159689,0
11952, 16320722, 16320722721557, -0.1569064, 0.06864655, 10.179302,0
11954, 16320732, 16320732482578, -0.14709975, 0.049033247, 10.149882,0
11955, 16320742, 16320742345619, -0.1569064, 0.049033247, 10.159689,0
11956, 16320752, 16320752737289, -0.19613299, -0.00980665, 10.287175,0
11956, 16320762, 16320762790402, -0.1176798, 0.049033247, 10.238142,0
11957, 16320772, 16320772995714, -0.16671304, 0.0392266, 10.149882,0
11959, 16320782, 16320782824656, -0.12748645, 0.0588399, 10.267562,0
11960, 16320792, 16320792482096, -0.19613299, 0.0784532, 10.169496,0
11961, 16320802, 16320802727804, -0.16671304, 0.0784532, 10.208722,0
11962, 16320812, 16320812788189, -0.18632634, 0.0392266, 10.1989155,0
11962, 16320822, 16320822421325, -0.16671304, 0.049033247, 10.189109,0
11964, 16320832, 16320832790484, -0.14709975, 0.06864655, 10.1989155,0
11965, 16320842, 16320842333104, -0.16671304, 0.06864655, 10.208722,0
11966, 16320852, 16320852662045, -0.1569064, 0.049033247, 10.208722,0
11966, 16320862, 16320862878920, -0.16671304, 0.0784532, 10.228335,0
11967, 16320872, 16320872559533, -0.16671304, 0.02941995, 10.208722,0
11969, 16320882, 16320882631936, -0.16671304, 0.049033247, 10.316595,0
11970, 16320892, 16320892624244, -0.1569064, 0.0588399, 10.1989155,0
11971, 16320902, 16320902712056, -0.14709975, 0.00980665, 10.257755,0
11972, 16320912, 16320912686106, -0.16671304, 0.049033247, 10.238142,0
11972, 16320922, 16320922777272, -0.17651969, 0.02941995, 10.1989155,0
11976, 16320932, 16320932404759, -0.1372931, 0.06864655, 10.140076,0
11977, 16320942, 16320942481574, -0.14709975, 0.06864655, 10.179302,0
11978, 16320952, 16320952864001, -0.1569064, 0.049033247, 10.238142,0
11979, 16320962, 16320962785047, -0.16671304, 0.049033247, 10.169496,0
11979, 16320972, 16320972368183, -0.17651969, 0.0784532, 10.218529,0
11982, 16320982, 16320982869902, -0.17651969, 0.0392266, 10.238142,0
11982, 16320992, 16320992331824, -0.18632634, 0.06864655, 10.1989155,0
11983, 16321002, 16321002467714, -0.22555295, 0.0588399, 10.189109,0
11984, 16321012, 16321012762954, -0.20593965, 0.0588399, 10.218529,0
11985, 16321022, 16321022825646, -0.18632634, 0.02941995, 10.267562,0
11987, 16321032, 16321032857412, -0.12748645, 0.06864655, 10.228335,0
11987, 16321043, 16321043080332, -0.19613299, 0.0588399, 10.247949,0
11988, 16321053, 16321053088108, -0.17651969, 0.0588399, 10.218529,0
11989, 16321062, 16321062836173, -0.1372931, 0.0392266, 10.208722,0
11989, 16321072, 16321072553769, -0.14709975, 0.06864655, 10.208722,0
11991, 16321082, 16321082886930, -0.16671304, 0.0588399, 10.149882,0
11992, 16321092, 16321092377001, -0.16671304, 0.06864655, 10.238142,0
11993, 16321102, 16321102672133, -0.19613299, 0.0588399, 10.228335,0
11993, 16321112, 16321112681532, -0.18632634, 0.0588399, 10.1989155,0
11994, 16321122, 16321122769609, -0.19613299, 0.0588399, 10.1989155,0
11996, 16321133, 16321133120510, -0.16671304, 0.0392266, 10.218529,0
11997, 16321142, 16321142734584, -0.17651969, 0.00980665, 10.257755,0
11998, 16321152, 16321152898814, -0.18632634, 0.0588399, 10.238142,0
11998, 16321162, 16321162750929, -0.14709975, 0.00980665, 10.267562,0
11999, 16321172, 16321172775905, -0.19613299, 0.0784532, 10.238142,0
12003, 16321182, 16321182726722, -0.1372931, 0.049033247, 10.208722,0
12004, 16321192, 16321192342743, -0.18632634, 0.0784532, 10.267562,0
12005, 16321202, 16321202581577, -0.12748645, 0.06864655, 10.169496,0
12005, 16321213, 16321213074738, -0.17651969, 0.06864655, 10.238142,0
12006, 16321222, 16321222823692, -0.18632634, 0.0588399, 10.238142,0
12008, 16321232, 16321232679905, -0.17651969, 0.098066494, 10.1989155,0
12009, 16321242, 16321242239833, -0.19613299, 0.0196133, 10.257755,0
12010, 16321252, 16321252736371, -0.1569064, 0.02941995, 10.257755,0
12011, 16321262, 16321262836791, -0.1569064, 0.0588399, 10.208722,0
12011, 16321272, 16321272651046, -0.1372931, 0.0588399, 10.1989155,0
12013, 16321282, 16321282850420, -0.16671304, 0.088259846, 10.179302,0
12014, 16321292, 16321292356899, -0.16671304, 0.088259846, 10.238142,0
12015, 16321302, 16321302818845, -0.1569064, 0.0196133, 10.159689,0
12015, 16321312, 16321312653665, -0.18632634, 0.06864655, 10.247949,0
12016, 16321322, 16321322674037, -0.17651969, 0.02941995, 10.228335,0
12018, 16321332, 16321332807198, -0.14709975, 0.02941995, 10.130269,0
12019, 16321342, 16321342251464, -0.18632634, 0.06864655, 10.228335,0
12020, 16321352, 16321352666163, -0.14709975, 0.049033247, 10.238142,0
12021, 16321362, 16321362738411, -0.17651969, 0.0588399, 10.218529,0
12022, 16321372, 16321372786932, -0.20593965, 0.0588399, 10.208722,0
12024, 16321382, 16321382407677, -0.12748645, 0.06864655, 10.208722,0
12025, 16321392, 16321392249503, -0.1569064, 0.0588399, 10.169496,0
12025, 16321402, 16321402735260, -0.16671304, 0.0392266, 10.208722,0
12026, 16321412, 16321412793986, -0.17651969, 0.0588399, 10.189109,0
12027, 16321422, 16321422814382, -0.1569064, 0.0784532, 10.159689,0
12030, 16321432, 16321432528961, -0.14709975, 0.0784532, 10.179302,0
12031, 16321442, 16321442425619, -0.18632634, 0.0588399, 10.238142,0
12032, 16321452, 16321452481232, -0.14709975, 0.049033247, 10.159689,0
12033, 16321462, 16321462963563, -0.12748645, 0.049033247, 10.208722,0
12034, 16321472, 16321472784020, -0.18632634, 0.049033247, 10.238142,0
12036, 16321482, 16321482942770, -0.17651969, 0.06864655, 10.306788,0
12037, 16321492, 16321492524981, -0.16671304, 0.06864655, 10.238142,0
12037, 16321502, 16321502810810, -0.16671304, 0.0588399, 10.228335,0
12038, 16321512, 16321512664475, -0.18632634, 0.049033247, 10.208722,0
12039, 16321522, 16321522668069, -0.19613299, 0.098066494, 10.257755,0
12041, 16321532, 16321532794138, -0.14709975, 0.0392266, 10.228335,0
12042, 16321542, 16321542526013, -0.1569064, 0.06864655, 10.247949,0
12043, 16321552, 16321552782298, -0.1569064, 0.049033247, 10.208722,0
12043, 16321562, 16321562848752, -0.2157463, 0.0392266, 10.267562,0
12044, 16321572, 16321572894449, -0.14709975, 0.06864655, 10.218529,0
12046, 16321583, 16321583406973, -0.18632634, 0.0784532, 10.159689,0
12047, 16321592, 16321592502489, -0.14709975, 0.0588399, 10.238142,0
12047, 16321602, 16321602914208, -0.14709975, 0.06864655, 10.1989155,0
12048, 16321612, 16321612998126, -0.18632634, 0.0784532, 10.189109,0
12049, 16321622, 16321622877789, -0.18632634, 0.0392266, 10.1989155,0
12051, 16321632, 16321632526310, -0.14709975, 0.049033247, 10.218529,0
12051, 16321642, 16321642781430, -0.16671304, 0.02941995, 10.238142,0
12052, 16321652, 16321652907920, -0.1569064, 0.0784532, 10.247949,0
12053, 16321662, 16321662949783, -0.16671304, 0.0588399, 10.208722,0
12053, 16321673, 16321673262258, -0.19613299, 0.049033247, 10.218529,0
12057, 16321683, 16321683546248, -0.22555295, 0.02941995, 10.189109,0
12058, 16321692, 16321692319253, -0.16671304, 0.0392266, 10.228335,0
12059, 16321702, 16321702621104, -0.19613299, 0.06864655, 10.238142,0
12059, 16321712, 16321712843868, -0.18632634, 0.0784532, 10.247949,0
12060, 16321722, 16321722614817, -0.1569064, 0.0392266, 10.267562,0
12062, 16321732, 16321732687184, -0.16671304, 0.06864655, 10.120462,0
12063, 16321742, 16321742362617, -0.19613299, 0.02941995, 10.1989155,0
12064, 16321752, 16321752792953, -0.20593965, 0.098066494, 10.228335,0
12064, 16321762, 16321762956522, -0.17651969, 0.0392266, 10.189109,0
12065, 16321772, 16321772520945, -0.1372931, 0.098066494, 10.238142,0
12067, 16321782, 16321782332543, -0.2353596, 0.06864655, 10.189109,0
12068, 16321793, 16321793973745, -0.1569064, 0.049033247, 10.238142,0
12069, 16321802, 16321802603312, -0.18632634, 0.0392266, 10.316595,0
12069, 16321812, 16321812726977, -0.16671304, 0.06864655, 10.208722,0
12070, 16321822, 16321822895607, -0.18632634, 0.06864655, 10.1989155,0
12072, 16321832, 16321832687974, -0.17651969, 0.088259846, 10.238142,0
12073, 16321842, 16321842498563, -0.2157463, 0.049033247, 10.247949,0
12074, 16321852, 16321852953887, -0.17651969, 0.0392266, 10.238142,0
12074, 16321862, 16321863011110, -0.19613299, 0.0784532, 10.1989155,0
12075, 16321873, 16321873019319, -0.1569064, 0.0588399, 10.247949,0
12077, 16321882, 16321882893573, -0.14709975, 0.049033247, 10.169496,0
12078, 16321892, 16321893010640, -0.17651969, 0.0588399, 10.1989155,0
12078, 16321902, 16321902548200, -0.1569064, 0.06864655, 10.179302,0
12079, 16321912, 16321912577911, -0.19613299, 0.0196133, 10.296982,0
12079, 16321922, 16321922071337, -0.12748645, 0.06864655, 10.1989155,0
12081, 16321932, 16321932100675, -0.1569064, 0.02941995, 10.277369,0
12081, 16321942, 16321942447898, -0.1569064, 0.02941995, 10.149882,0
12082, 16321952, 16321952137766, -0.17651969, 0.0392266, 10.238142,0
12082, 16321962, 16321962348559, -0.12748645, 0.049033247, 10.169496,0
12083, 16321972, 16321972304400, -0.1569064, 0.06864655, 10.218529,0
12084, 16321982, 16321982408955, -0.17651969, 0.0392266, 10.228335,0
12084, 16321992, 16321992564002, -0.18632634, 0.06864655, 10.169496,0
12085, 16322002, 16322002335601, -0.16671304, 0.0392266, 10.130269,0
12085, 16322012, 16322012645660, -0.1569064, 0.0784532, 10.247949,0
12086, 16322022, 16322022879759, -0.19613299, 0.00980665, 10.257755,0
12088, 16322032, 16322032563400, -0.14709975, 0.0196133, 10.277369,0
12089, 16322044, 16322044117703, -0.1569064, 0.0588399, 10.218529,0
12089, 16322052, 16322052616080, -0.18632634, 0.0392266, 10.247949,0
12090, 16322063, 16322063610346, -0.1569064, 0.0392266, 10.247949,0
12091, 16322071, 16322071845550, -0.14709975, 0.049033247, 10.218529,0
12091, 16322082, 16322082258807, -0.1569064, 0.06864655, 10.218529,0
12092, 16322092, 16322092600201, -0.1569064, 0.0588399, 10.120462,0
12092, 16322102, 16322102358169, -0.14709975, 0.02941995, 10.277369,0
12093, 16322112, 16322112503205, -0.16671304, 0.049033247, 10.120462,0
12093, 16322122, 16322122240681, -0.1176798, 0.0588399, 10.149882,0
12094, 16322131, 16322131810404, -0.1569064, 0.0588399, 10.208722,0
12095, 16322142, 16322142358553, -0.17651969, 0.0392266, 10.218529,0
12095, 16322152, 16322152528540, -0.16671304, 0.06864655, 10.189109,0
12095, 16322162, 16322162235703, -0.16671304, 0.02941995, 10.218529,0
12096, 16322172, 16322172546701, -0.20593965, 0.088259846, 10.169496,0
12099, 16322182, 16322182631160, -0.14709975, 0.0588399, 10.130269,0
12100, 16322192, 16322192633755, -0.16671304, 0.0392266, 10.277369,0
12101, 16322202, 16322202639140, -0.1372931, 0.02941995, 10.218529,0
12101, 16322213, 16322213038971, -0.18632634, 0.06864655, 10.1989155,0
12102, 16322222, 16322222610016, -0.18632634, 0.06864655, 10.267562,0
12104, 16322232, 16322232134571, -0.1569064, 0.0588399, 10.169496,0
12104, 16322242, 16322242317456, -0.19613299, 0.098066494, 10.238142,0
12105, 16322252, 16322252344583, -0.1372931, 0.06864655, 10.179302,0
12105, 16322262, 16322262331962, -0.17651969, 0.049033247, 10.189109,0
12106, 16322272, 16322272437310, -0.20593965, 0.049033247, 10.208722,0
12107, 16322282, 16322282304377, -0.18632634, 0.02941995, 10.179302,0
12107, 16322292, 16322292340170, -0.17651969, 0.0588399, 10.149882,0
12108, 16322302, 16322302326480, -0.1372931, 0.0392266, 10.228335,0
12108, 16322312, 16322312673234, -0.1372931, 0.0784532, 10.218529,0
12109, 16322322, 16322322590926, -0.14709975, 0.088259846, 10.238142,0
12110, 16322332, 16322332434796, -0.16671304, 0.0392266, 10.159689,0
12111, 16322342, 16322342603053, -0.16671304, 0.0588399, 10.179302,0
12111, 16322352, 16322352661923, -0.16671304, 0.049033247, 10.189109,0
12112, 16322362, 16322362618052, -0.16671304, 0.06864655, 10.159689,0
12113, 16322372, 16322372709086, -0.16671304, 0.02941995, 10.140076,0
12115, 16322382, 16322382532439, -0.14709975, 0.0392266, 10.228335,0
12116, 16322393, 16322393683977, -0.1372931, 0.02941995, 10.169496,0
12116, 16322402, 16322402644397, -0.16671304, 0.098066494, 10.238142,0
12117, 16322412, 16322412561981, -0.1569064, 0.06864655, 10.169496,0
12117, 16322422, 16322422305851, -0.16671304, 0.0588399, 10.179302,0
12118, 16322432, 16322432439601, -0.18632634, 0.0588399, 10.1989155,0
12119, 16322442, 16322442019035, -0.18632634, 0.06864655, 10.208722,0
12120, 16322452, 16322452364636, -0.19613299, 0.1176798, 10.228335,0
12120, 16322462, 16322462442316, -0.1569064, 0.0784532, 10.228335,0
12121, 16322472, 16322472472808, -0.18632634, 0.0784532, 10.267562,0
12122, 16322481, 16322481983012, -0.17651969, 0.0588399, 10.179302,0
12122, 16322492, 16322492874539, -0.1569064, 0.0392266, 10.130269,0
12123, 16322502, 16322502854154, -0.17651969, 0.06864655, 10.247949,0
12123, 16322512, 16322512797687, -0.18632634, 0.02941995, 10.218529,0
12124, 16322522, 16322522869886, -0.17651969, 0.0784532, 10.179302,0
12126, 16322532, 16322532428696, -0.1569064, 0.0588399, 10.238142,0
12127, 16322542, 16322542060919, -0.19613299, 0.06864655, 10.179302,0
12127, 16322552, 16322552668743, -0.19613299, 0.049033247, 10.228335,0
12127, 16322562, 16322562841615, -0.20593965, 0.0196133, 10.179302,0
12128, 16322572, 16322572694560, -0.18632634, 0.0588399, 10.257755,0
12130, 16322582, 16322582578382, -0.19613299, 0.049033247, 10.208722,0
12131, 16322592, 16322592798526, -0.20593965, 0.088259846, 10.257755,0
12132, 16322602, 16322602980364, -0.16671304, 0.06864655, 10.238142,0
12132, 16322612, 16322612560845, -0.17651969, 0.06864655, 10.228335,0
12133, 16322622, 16322622658224, -0.1569064, 0.0588399, 10.169496,0
12135, 16322632, 16322632269065, -0.1569064, 0.0588399, 10.238142,0
12135, 16322642, 16322642834570, -0.1372931, 0.06864655, 10.257755,0
12136, 16322652, 16322652574725, -0.14709975, 0.049033247, 10.257755,0
12137, 16322662, 16322662595999, -0.18632634, 0.0588399, 10.189109,0
12139, 16322688, 16322688106587, -0.17651969, 0.049033247, 10.1989155,0
12139, 16322688, 16322688499953, -0.1569064, 0.088259846, 10.1989155,0
12142, 16322697, 16322697238005, -0.1372931, 0.049033247, 10.316595,0
12143, 16322702, 16322702917825, -0.18632634, 0.049033247, 10.238142,0
12144, 16322712, 16322712127981, -0.1372931, 0.02941995, 10.228335,0
12145, 16322722, 16322722412896, -0.1569064, 0.02941995, 10.208722,0
12146, 16322732, 16322732747187, -0.17651969, 0.098066494, 10.238142,0
12148, 16322742, 16322742630828, -0.19613299, 0.0392266, 10.238142,0
12149, 16322752, 16322752493112, -0.1569064, 0.0196133, 10.247949,0
12150, 16322762, 16322762676416, -0.1372931, 0.1176798, 10.179302,0
12151, 16322772, 16322772426500, -0.17651969, 0.088259846, 10.179302,0
12152, 16322784, 16322784997654, -0.14709975, 0.0588399, 10.1989155,0
12154, 16322794, 16322794194745, -0.1569064, 0.02941995, 10.208722,0
12155, 16322802, 16322802506836, -0.1569064, 0.0196133, 10.179302,0
12156, 16322812, 16322812470069, -0.18632634, 0.088259846, 10.189109,0
12157, 16322823, 16322823408277, -0.10787315, 0.049033247, 10.228335,0
12158, 16322832, 16322832422784, -0.12748645, 0.06864655, 10.1989155,0
12159, 16322845, 16322845482315, -0.20593965, 0.06864655, 10.149882,0
12160, 16322852, 16322852575031, -0.18632634, 0.0588399, 10.247949,0
12161, 16322862, 16322862758384, -0.14709975, 0.0588399, 10.169496,0
12161, 16322872, 16322872502735, -0.1569064, 0.088259846, 10.218529,0
12162, 16322882, 16322882346316, -0.17651969, 0.0588399, 10.247949,0
12164, 16322896, 16322896757626, -0.20593965, 0.088259846, 10.1989155,0
12165, 16322902, 16322902603010, -0.10787315, 0.0588399, 10.228335,0
12165, 16322912, 16322912928899, -0.1372931, 0.06864655, 10.179302,0
12166, 16322922, 16322922660870, -0.19613299, 0.06864655, 10.1989155,0
12167, 16322933, 16322933168166, -0.1569064, 0.088259846, 10.169496,0
12171, 16322948, 16322948030857, -0.20593965, 0.0784532, 10.247949,0
12172, 16322952, 16322952862600, -0.2157463, 0.088259846, 10.159689,0
12172, 16322962, 16322962557840, -0.16671304, 0.0784532, 10.238142,0
12173, 16322973, 16322973251001, -0.17651969, 0.0784532, 10.159689,0
12174, 16322983, 16322983051746, -0.19613299, 0.0588399, 10.1989155,0
12175, 16322993, 16322993730652, -0.18632634, 0.02941995, 10.130269,0
12177, 16323002, 16323002473812, -0.19613299, 0.0392266, 10.208722,0
12178, 16323012, 16323012479737, -0.1569064, 0.02941995, 10.208722,0
12178, 16323023, 16323023017033, -0.1569064, 0.049033247, 10.218529,0
12179, 16323032, 16323032978919, -0.16671304, 0.0196133, 10.189109,0
12180, 16323043, 16323043676611, -0.18632634, 0.0784532, 10.257755,0
12182, 16323052, 16323052708606, -0.17651969, 0.00980665, 10.257755,0
12183, 16323062, 16323062877969, -0.19613299, 0.10787315, 10.287175,0
12183, 16323075, 16323075472404, -0.18632634, 0.0196133, 10.267562,0
12184, 16323083, 16323083031165, -0.17651969, 0.0196133, 10.1989155,0
12185, 16323093, 16323093799362, -0.1372931, 0.06864655, 10.287175,0
12186, 16323102, 16323102497499, -0.1569064, 0.0784532, 10.228335,0
12187, 16323112, 16323112629001, -0.1372931, 0.088259846, 10.228335,0
12188, 16323125, 16323125335299, -0.16671304, 0.00980665, 10.218529,0
12189, 16323133, 16323133165082, -0.18632634, 0.06864655, 10.149882,0
12189, 16323144, 16323144213687, -0.18632634, 0.02941995, 10.169496,0
12191, 16323152, 16323152350346, -0.1569064, 0.0784532, 10.277369,0
12192, 16323162, 16323162490970, -0.16671304, 0.0588399, 10.267562,0
12192, 16323172, 16323172967508, -0.1569064, 0.06864655, 10.218529,0
12194, 16323182, 16323182765849, -0.14709975, 0.049033247, 10.218529,0
12194, 16323195, 16323195200476, -0.19613299, 0.0196133, 10.267562,0
12198, 16323202, 16323202304731, -0.2157463, 0.0588399, 10.228335,0
12198, 16323212, 16323212900716, -0.14709975, 0.049033247, 10.189109,0
12199, 16323222, 16323222382327, -0.17651969, 0.088259846, 10.238142,0
12200, 16323232, 16323232292422, -0.19613299, 0.049033247, 10.228335,0
12201, 16323242, 16323242156124, -0.16671304, 0.0392266, 10.169496,0
12202, 16323252, 16323252170126, -0.16671304, 0.0784532, 10.208722,0
12202, 16323262, 16323262352818, -0.17651969, 0.0784532, 10.238142,0
12203, 16323272, 16323272347661, -0.16671304, 0.02941995, 10.1989155,0
12203, 16323281, 16323281950858, -0.20593965, 0.0392266, 10.218529,0
12204, 16323292, 16323292754824, -0.1372931, 0.02941995, 10.218529,0
12205, 16323302, 16323302272540, -0.19613299, 0.0784532, 10.247949,0
12205, 16323312, 16323312443453, -0.12748645, 0.06864655, 10.218529,0
12205, 16323322, 16323322469751, -0.14709975, 0.0196133, 10.218529,0
12206, 16323332, 16323332553801, -0.18632634, 0.06864655, 10.140076,0
12207, 16323342, 16323342912058, -0.18632634, 0.0784532, 10.336209,0
12207, 16323352, 16323352342094, -0.19613299, 0.06864655, 10.228335,0
12208, 16323362, 16323362572562, -0.19613299, 0.10787315, 10.179302,0
12208, 16323372, 16323372381949, -0.18632634, 0.0588399, 10.159689,0
12208, 16323382, 16323382369485, -0.20593965, 0.049033247, 10.228335,0
12209, 16323392, 16323392177741, -0.17651969, 0.0588399, 10.247949,0
12210, 16323402, 16323402472032, -0.16671304, 0.049033247, 10.277369,0
12210, 16323412, 16323412713883, -0.16671304, 0.098066494, 10.228335,0
12211, 16323422, 16323422579531, -0.17651969, 0.0588399, 10.257755,0
12212, 16323432, 16323432656466, -0.16671304, 0.088259846, 10.179302,0
12215, 16323443, 16323443171057, -0.19613299, 0.0784532, 10.208722,0
12216, 16323452, 16323452435215, -0.17651969, 0.049033247, 10.1989155,0
12216, 16323462, 16323462377270, -0.14709975, 0.049033247, 10.267562,0
12217, 16323472, 16323472709061, -0.1569064, 0.049033247, 10.238142,0
12218, 16323482, 16323482253448, -0.16671304, 0.0392266, 10.218529,0
12219, 16323492, 16323492232810, -0.19613299, 0.098066494, 10.169496,0
12220, 16323502, 16323502509925, -0.17651969, 0.098066494, 10.169496,0
12221, 16323512, 16323512956680, -0.18632634, 0.0784532, 10.208722,0
12221, 16323522, 16323522878062, -0.1569064, 0.049033247, 10.169496,0
12223, 16323533, 16323533232196, -0.1569064, 0.049033247, 10.218529,0
12225, 16323542, 16323542492544, -0.20593965, 0.0784532, 10.130269,0
12225, 16323552, 16323552694900, -0.17651969, 0.0588399, 10.238142,0
12226, 16323562, 16323562795789, -0.16671304, 0.098066494, 10.1989155,0
12227, 16323572, 16323572939911, -0.19613299, 0.0588399, 10.287175,0
12228, 16323582, 16323582645271, -0.16671304, 0.049033247, 10.277369,0
12230, 16323592, 16323592851641, -0.18632634, 0.06864655, 10.287175,0
12230, 16323603, 16323603922326, -0.18632634, 0.0784532, 10.238142,0
12231, 16323612, 16323612816484, -0.1569064, 0.0392266, 10.238142,0
12232, 16323622, 16323622367505, -0.16671304, 0.10787315, 10.1989155,0
12232, 16323632, 16323632091027, -0.16671304, 0.06864655, 10.218529,0
12234, 16323642, 16323642423683, -0.16671304, 0.0784532, 10.189109,0
12235, 16323652, 16323652742997, -0.16671304, 0.0588399, 10.257755,0
12236, 16323662, 16323662712264, -0.17651969, 0.1176798, 10.247949,0
12236, 16323672, 16323672246146, -0.20593965, 0.02941995, 10.130269,0
12237, 16323682, 16323682600761, -0.17651969, 0.06864655, 10.218529,0
12240, 16323693, 16323693176710, -0.16671304, 0.0588399, 10.218529,0
12241, 16323702, 16323702433404, -0.17651969, 0.0196133, 10.208722,0
12241, 16323712, 16323712986481, -0.20593965, 0.06864655, 10.218529,0
12242, 16323722, 16323722921252, -0.2157463, 0.049033247, 10.169496,0
12243, 16323732, 16323732860579, -0.14709975, 0.049033247, 10.169496,0
12245, 16323743, 16323743021672, -0.18632634, 0.049033247, 10.228335,0
12245, 16323753, 16323753405097, -0.17651969, 0.0196133, 10.346016,0
12246, 16323763, 16323763640157, -0.14709975, 0.0588399, 10.228335,0
12247, 16323772, 16323772765902, -0.18632634, 0.0196133, 10.208722,0
12248, 16323782, 16323782739231, -0.19613299, 0.0392266, 10.247949,0
12250, 16323792, 16323792916670, -0.17651969, 0.06864655, 10.159689,0
12250, 16323802, 16323802883293, -0.1569064, 0.098066494, 10.306788,0
12251, 16323813, 16323813235828, -0.18632634, 0.0784532, 10.238142,0
12252, 16323822, 16323822631898, -0.17651969, 0.10787315, 10.228335,0
12253, 16323832, 16323832328400, -0.19613299, 0.049033247, 10.257755,0
12255, 16323842, 16323842748484, -0.16671304, 0.049033247, 10.208722,0
12255, 16323853, 16323853071164, -0.14709975, 0.098066494, 10.218529,0
12256, 16323862, 16323862874108, -0.1569064, 0.0784532, 10.228335,0
12257, 16323872, 16323872614817, -0.1569064, 0.049033247, 10.218529,0
12258, 16323882, 16323882439155, -0.18632634, 0.049033247, 10.1989155,0
12260, 16323892, 16323892322304, -0.1372931, 0.049033247, 10.218529,0
12260, 16323902, 16323902865765, -0.18632634, 0.049033247, 10.169496,0
12261, 16323912, 16323912232604, -0.16671304, 0.10787315, 10.159689,0
12262, 16323922, 16323922241125, -0.1569064, 0.049033247, 10.218529,0
12263, 16323932, 16323932762195, -0.14709975, 0.0784532, 10.179302,0
12267, 16323946, 16323946835247, -0.14709975, 0.0784532, 10.277369,0
12268, 16323952, 16323952413925, -0.14709975, 0.049033247, 10.247949,0
12268, 16323962, 16323962923227, -0.17651969, 0.02941995, 10.247949,0
12269, 16323973, 16323973053996, -0.17651969, 0.02941995, 10.228335,0
12270, 16323982, 16323982886496, -0.17651969, 0.06864655, 10.257755,0
12272, 16323992, 16323992508887, -0.17651969, 0.0392266, 10.257755,0
12272, 16324003, 16324003123538, -0.16671304, 0.10787315, 10.1989155,0
12273, 16324013, 16324013529055, -0.1569064, 0.049033247, 10.149882,0
12274, 16324022, 16324022859127, -0.17651969, 0.06864655, 10.267562,0
12275, 16324032, 16324032650965, -0.17651969, 0.049033247, 10.267562,0
12277, 16324042, 16324042563104, -0.18632634, 0.0196133, 10.257755,0
12278, 16324053, 16324053121686, -0.16671304, 0.06864655, 10.208722,0
12279, 16324062, 16324062659510, -0.16671304, 0.02941995, 10.257755,0
12279, 16324072, 16324072736673, -0.18632634, 0.10787315, 10.228335,0
12280, 16324082, 16324082423932, -0.16671304, 0.0784532, 10.247949,0
12282, 16324092, 16324092731180, -0.10787315, 0.0784532, 10.247949,0
12282, 16324102, 16324102986936, -0.18632634, 0.049033247, 10.247949,0
12283, 16324113, 16324113557982, -0.1569064, 0.098066494, 10.1989155,0
12284, 16324122, 16324122994183, -0.19613299, 0.02941995, 10.179302,0
12285, 16324132, 16324132924135, -0.17651969, 0.049033247, 10.218529,0
12287, 16324142, 16324142638546, -0.20593965, 0.0588399, 10.238142,0
12287, 16324152, 16324152433413, -0.17651969, 0.0392266, 10.218529,0
12288, 16324163, 16324163358305, -0.1569064, 0.0588399, 10.218529,0
12289, 16324172, 16324172354662, -0.18632634, 0.0784532, 10.149882,0
12290, 16324182, 16324182604289, -0.18632634, 0.0784532, 10.189109,0
12293, 16324193, 16324193765707, -0.18632634, 0.088259846, 10.218529,0
12294, 16324202, 16324202768964, -0.14709975, 0.0588399, 10.1989155,0
12295, 16324212, 16324212626500, -0.1372931, 0.02941995, 10.238142,0
12295, 16324222, 16324222313122, -0.17651969, 0.02941995, 10.208722,0
12296, 16324232, 16324232676956, -0.20593965, 0.088259846, 10.228335,0
12298, 16324242, 16324242382028, -0.18632634, 0.06864655, 10.287175,0
12298, 16324252, 16324252156895, -0.1569064, 0.049033247, 10.189109,0
12299, 16324264, 16324264873265, -0.18632634, 0.0588399, 10.189109,0
12299, 16324272, 16324272370621, -0.18632634, 0.049033247, 10.287175,0
12300, 16324282, 16324282400115, -0.16671304, 0.06864655, 10.247949,0
12301, 16324292, 16324292593649, -0.1372931, 0.0392266, 10.247949,0
12301, 16324302, 16324302432398, -0.20593965, 0.0784532, 10.169496,0
12301, 16324312, 16324312205523, -0.14709975, 0.06864655, 10.267562,0
12302, 16324321, 16324321849717, -0.1372931, 0.02941995, 10.267562,0
12302, 16324332, 16324332067770, -0.16671304, 0.0392266, 10.306788,0
12303, 16324342, 16324342565618, -0.10787315, 0.06864655, 10.218529,0
12304, 16324353, 16324353542240, -0.10787315, 0.0784532, 10.218529,0
12305, 16324362, 16324362808899, -0.18632634, 0.1176798, 10.257755,0
12305, 16324373, 16324373028538, -0.1569064, 0.02941995, 10.1989155,0
12306, 16324383, 16324383060220, -0.20593965, 0.06864655, 10.287175,0
12308, 16324392, 16324392560148, -0.18632634, 0.0392266, 10.247949,0
12309, 16324402, 16324402634775, -0.19613299, 0.0588399, 10.277369,0
12310, 16324413, 16324413035315, -0.18632634, 0.06864655, 10.247949,0
12310, 16324422, 16324422473572, -0.19613299, 0.049033247, 10.287175,0
12312, 16324432, 16324432660026, -0.14709975, 0.0392266, 10.228335,0
12315, 16324442, 16324442593800, -0.17651969, 0.06864655, 10.238142,0
12316, 16324454, 16324454795879, -0.1569064, 0.0392266, 10.1989155,0
12317, 16324462, 16324462930278, -0.20593965, 0.049033247, 10.179302,0
12318, 16324481, 16324481273354, -0.1569064, 0.098066494, 10.169496,0
12318, 16324481, 16324481946840, -0.17651969, 0.0196133, 10.228335,0
12320, 16324492, 16324492311431, -0.17651969, 0.0196133, 10.247949,0
12321, 16324503, 16324503072993, -0.14709975, 0.02941995, 10.257755,0
12321, 16324512, 16324512920793, -0.18632634, 0.0196133, 10.247949,0
12322, 16324522, 16324522756874, -0.1569064, 0.06864655, 10.228335,0
12323, 16324532, 16324532938088, -0.18632634, 0.02941995, 10.238142,0
12325, 16324542, 16324542711862, -0.1176798, 0.049033247, 10.247949,0
12326, 16324552, 16324552826933, -0.18632634, 0.088259846, 10.179302,0
12327, 16324563, 16324563311861, -0.19613299, 0.0588399, 10.277369,0
12327, 16324572, 16324572377041, -0.1569064, 0.0784532, 10.228335,0
12328, 16324582, 16324582706680, -0.14709975, 0.0588399, 10.120462,0
12330, 16324592, 16324592396006, -0.14709975, 0.0588399, 10.277369,0
12331, 16324603, 16324603633734, -0.16671304, 0.049033247, 10.179302,0
12332, 16324612, 16324612673662, -0.18632634, 0.02941995, 10.277369,0
12332, 16324622, 16324622533542, -0.16671304, 0.0392266, 10.247949,0
12333, 16324632, 16324632725705, -0.12748645, 0.06864655, 10.130269,0
12335, 16324642, 16324642491534, -0.20593965, 0.0784532, 10.238142,0
12336, 16324652, 16324652871401, -0.19613299, 0.06864655, 10.1989155,0
12337, 16324663, 16324663362891, -0.12748645, 0.049033247, 10.228335,0
12337, 16324672, 16324672741725, -0.19613299, 0.06864655, 10.1989155,0
12339, 16324683, 16324683048107, -0.10787315, -0.16671304, 8.786758,0
12342, 16324692, 16324692711640, -0.16671304, 0.0784532, 10.012589,0
12343, 16324703, 16324703233419, -0.22555295, 0.049033247, 10.444082,0
12344, 16324712, 16324712303827, -0.18632634, 0.0392266, 10.336209,0
12345, 16324722, 16324722572529, -0.17651969, 0.0392266, 10.051816,0
12346, 16324732, 16324732378117, -0.18632634, 0.0588399, 10.110656,0
12347, 16324742, 16324742735400, -0.19613299, 0.02941995, 10.277369,0
12347, 16324752, 16324752685797, -0.18632634, 0.0392266, 10.159689,0
12348, 16324762, 16324762417876, -0.17651969, 0.02941995, 10.1989155,0
12348, 16324771, 16324771935484, -0.16671304, 0.0784532, 10.238142,0
12354, 16324784, 16324784541637, -0.16671304, 0.0392266, 10.149882,0
12357, 16324822, 16324822933583, -0.1569064, 0.06864655, 10.218529,0
12357, 16324823, 16324823044544, -0.17651969, 0.049033247, 10.247949,0
12358, 16324823, 16324823129701, -0.17651969, 0.088259846, 10.189109,0
12358, 16324823, 16324823208138, -0.18632634, 0.049033247, 10.218529,0
12361, 16324832, 16324832013883, -0.2157463, 0.0784532, 10.218529,0
12362, 16324843, 16324843251250, -0.1569064, 0.0588399, 10.208722,0
12362, 16324852, 16324852184555, -0.1372931, 0.02941995, 10.247949,0
12363, 16324862, 16324862728005, -0.1569064, 0.049033247, 10.179302,0
12363, 16324872, 16324872206454, -0.17651969, 0.0588399, 10.238142,0
12363, 16324882, 16324882383605, -0.19613299, 0.0392266, 10.179302,0
12365, 16324892, 16324892739374, -0.18632634, 0.088259846, 10.208722,0
12365, 16324902, 16324902660455, -0.19613299, 0.06864655, 10.110656,0
12365, 16324912, 16324912244938, -0.1569064, 0.0588399, 10.179302,0
12366, 16324922, 16324922083796, -0.16671304, 0.0784532, 10.228335,0
12366, 16324932, 16324932378327, -0.1569064, 0.088259846, 10.179302,0
12369, 16324942, 16324942356788, -0.1372931, 0.088259846, 10.247949,0
12370, 16324954, 16324954165886, -0.19613299, 0.06864655, 10.208722,0
12370, 16324962, 16324962360501, -0.19613299, 0.06864655, 10.296982,0
12370, 16324972, 16324972487063, -0.18632634, 0.0588399, 10.218529,0
12371, 16324982, 16324982573349, -0.18632634, 0.049033247, 10.267562,0
12372, 16324992, 16324992113145, -0.18632634, 0.088259846, 10.189109,0
12372, 16325002, 16325002119454, -0.17651969, 0.0588399, 10.1989155,0
12373, 16325012, 16325012310163, -0.17651969, 0.0784532, 10.140076,0
12373, 16325022, 16325022056641, -0.17651969, 0.049033247, 10.257755,0
12374, 16325032, 16325032477963, -0.17651969, 0.0196133, 10.238142,0
12375, 16325042, 16325042076304, -0.1569064, 0.0588399, 10.277369,0
12375, 16325052, 16325052606760, -0.18632634, 0.049033247, 10.208722,0
12376, 16325062, 16325062713695, -0.16671304, 0.0392266, 10.110656,0
12377, 16325074, 16325074164632, -0.16671304, 0.0392266, 10.257755,0
12377, 16325082, 16325082501952, -0.16671304, 0.0392266, 10.208722,0
12379, 16325092, 16325092423514, -0.1569064, 0.0784532, 10.267562,0
12379, 16325102, 16325102377336, -0.19613299, 0.02941995, 10.208722,0
12380, 16325112, 16325112063693, -0.17651969, 0.049033247, 10.247949,0
12380, 16325122, 16325122106746, -0.18632634, 0.098066494, 10.247949,0
12381, 16325132, 16325132516505, -0.17651969, 0.0392266, 10.1989155,0
12383, 16325143, 16325143095495, -0.14709975, 0.049033247, 10.218529,0
12383, 16325152, 16325152620447, -0.1372931, 0.0588399, 10.247949,0
12384, 16325162, 16325162869365, -0.20593965, 0.049033247, 10.208722,0
12385, 16325172, 16325172858932, -0.12748645, 0.098066494, 10.130269,0
12386, 16325182, 16325182887705, -0.18632634, 0.0784532, 10.267562,0
12389, 16325192, 16325192544652, -0.14709975, 0.049033247, 10.179302,0
12390, 16325202, 16325202663089, -0.18632634, 0.0588399, 10.228335,0
12391, 16325213, 16325213421587, -0.1569064, 0.02941995, 10.228335,0
12391, 16325222, 16325222815589, -0.1569064, 0.0196133, 10.277369,0
12393, 16325232, 16325232614687, -0.16671304, 0.088259846, 10.208722,0
12394, 16325243, 16325243490756, -0.1569064, 0.0392266, 10.238142,0
12395, 16325252, 16325252732847, -0.19613299, 0.0588399, 10.247949,0
12396, 16325262, 16325262622426, -0.20593965, 0.0, 10.228335,0
12397, 16325272, 16325272842606, -0.14709975, 0.06864655, 10.267562,0
12398, 16325282, 16325282618399, -0.1372931, 0.0392266, 10.257755,0
12400, 16325293, 16325293366908, -0.1569064, 0.098066494, 10.140076,0
12401, 16325302, 16325302722749, -0.1176798, 0.00980665, 10.159689,0
12402, 16325312, 16325312451523, -0.1569064, 0.0196133, 10.238142,0
12402, 16325322, 16325322349876, -0.1569064, 0.0588399, 10.149882,0
12404, 16325332, 16325332779924, -0.18632634, 0.0784532, 10.189109,0
12406, 16325342, 16325342351594, -0.1569064, 0.049033247, 10.218529,0
12406, 16325353, 16325353477652, -0.17651969, 0.098066494, 10.228335,0
12407, 16325362, 16325362650055, -0.20593965, 0.088259846, 10.208722,0
12408, 16325372, 16325372736485, -0.1372931, 0.0392266, 10.159689,0
12409, 16325382, 16325382784093, -0.19613299, 0.088259846, 10.238142,0
12411, 16325393, 16325393789982, -0.20593965, 0.0588399, 10.1989155,0
12411, 16325402, 16325402932602, -0.1569064, 0.06864655, 10.208722,0
12412, 16325413, 16325413181868, -0.17651969, 0.049033247, 10.228335,0
12413, 16325422, 16325422331159, -0.14709975, 0.0588399, 10.120462,0
12414, 16325432, 16325432844752, -0.1372931, 0.0392266, 10.257755,0
12418, 16325443, 16325443298286, -0.17651969, 0.0392266, 10.149882,0
12418, 16325452, 16325453006386, -0.18632634, 0.0, 10.218529,0
12419, 16325462, 16325463004054, -0.14709975, 0.02941995, 10.179302,0
12420, 16325472, 16325472796446, -0.18632634, 0.06864655, 10.179302,0
12421, 16325482, 16325482653849, -0.1569064, 0.0784532, 10.218529,0
12423, 16325493, 16325493247286, -0.16671304, 0.0784532, 10.159689,0
12423, 16325502, 16325502540964, -0.2157463, 0.06864655, 10.169496,0
12424, 16325512, 16325512993127, -0.16671304, 0.049033247, 10.189109,0
12425, 16325522, 16325522901228, -0.1372931, 0.049033247, 10.257755,0
12426, 16325533, 16325533268162, -0.17651969, 0.049033247, 10.218529,0
12428, 16325543, 16325543959220, -0.18632634, 0.0392266, 10.238142,0
12429, 16325552, 16325552750866, -0.18632634, 0.0588399, 10.257755,0
12430, 16325562, 16325562745962, -0.18632634, 0.0392266, 10.228335,0
12430, 16325573, 16325573232188, -0.14709975, 0.02941995, 10.277369,0
12431, 16325582, 16325582984795, -0.18632634, -0.0196133, 10.228335,0
12433, 16325593, 16325593885612, 0.0392266, -0.02941995, 9.218251,0
12434, 16325603, 16325603206405, -0.2353596, 0.02941995, 10.326403,0
12435, 16325611, 16325611924518, -0.1569064, 0.0196133, 10.296982,0
12436, 16325622, 16325622908400, -0.19613299, 0.06864655, 10.0910425,0
12436, 16325632, 16325632544686, -0.16671304, 0.088259846, 10.228335,0
12437, 16325641, 16325641963315, -0.18632634, 0.02941995, 10.257755,0
12438, 16325651, 16325651828699, -0.1569064, 0.088259846, 10.208722,0
12438, 16325662, 16325662617305, -0.14709975, 0.0784532, 10.218529,0
12438, 16325672, 16325672728350, -0.17651969, 0.0784532, 10.218529,0
12441, 16325690, 16325690163950, -0.14709975, -0.00980665, 10.238142,0
12442, 16325692, 16325692949251, -0.12748645, 0.049033247, 10.1989155,0
12444, 16325707, 16325707262195, -0.17651969, 0.10787315, 10.189109,0
